elapsed.ps,repeats.n,param.array.map
32683,100000,map<literal;integer>[3]
32589,100000,map<literal;integer>[3]
30130,100000,map<literal;integer>[3]
30864,100000,map<literal;integer>[3]
34891,100000,map<literal;integer>[3]
31775,100000,map<literal;integer>[3]
29963,100000,map<literal;integer>[3]
30163,100000,map<literal;integer>[3]
34597,100000,map<literal;integer>[3]
33665,100000,map<literal;integer>[3]
32122,100000,map<literal;integer>[3]
31686,100000,map<literal;integer>[3]
30707,100000,map<literal;integer>[3]
31202,100000,map<literal;integer>[3]
36347,100000,map<literal;integer>[3]
39736,100000,map<literal;integer>[3]
29540,100000,map<literal;integer>[3]
29328,100000,map<literal;integer>[3]
31055,100000,map<literal;integer>[3]
36753,100000,map<literal;integer>[3]
30433,100000,map<literal;integer>[3]
30351,100000,map<literal;integer>[3]
32185,100000,map<literal;integer>[3]
31702,100000,map<literal;integer>[3]
32685,100000,map<literal;integer>[3]
31133,100000,map<literal;integer>[3]
32870,100000,map<literal;integer>[3]
35190,100000,map<literal;integer>[3]
31021,100000,map<literal;integer>[3]
32166,100000,map<literal;integer>[3]
31194,100000,map<literal;integer>[3]
31468,100000,map<literal;integer>[3]
30189,100000,map<literal;integer>[3]
30118,100000,map<literal;integer>[3]
29744,100000,map<literal;integer>[3]
30136,100000,map<literal;integer>[3]
31227,100000,map<literal;integer>[3]
30041,100000,map<literal;integer>[3]
31446,100000,map<literal;integer>[3]
33095,100000,map<literal;integer>[3]
32365,100000,map<literal;integer>[3]
31114,100000,map<literal;integer>[3]
31608,100000,map<literal;integer>[3]
38349,100000,map<literal;integer>[3]
42268,100000,map<literal;integer>[3]
39032,100000,map<literal;integer>[3]
31494,100000,map<literal;integer>[3]
29399,100000,map<literal;integer>[3]
29554,100000,map<literal;integer>[3]
38937,100000,map<literal;integer>[3]
36062,100000,map<literal;integer>[3]
38762,100000,map<literal;integer>[3]
40670,100000,map<literal;integer>[3]
38814,100000,map<literal;integer>[3]
39610,100000,map<literal;integer>[3]
40044,100000,map<literal;integer>[3]
35574,100000,map<literal;integer>[3]
37210,100000,map<literal;integer>[3]
41035,100000,map<literal;integer>[3]
30942,100000,map<literal;integer>[3]
31526,100000,map<literal;integer>[3]
30468,100000,map<literal;integer>[3]
30158,100000,map<literal;integer>[3]
32261,100000,map<literal;integer>[3]
30040,100000,map<literal;integer>[3]
31900,100000,map<literal;integer>[3]
30068,100000,map<literal;integer>[3]
32634,100000,map<literal;integer>[3]
30198,100000,map<literal;integer>[3]
34567,100000,map<literal;integer>[3]
40647,100000,map<literal;integer>[3]
41555,100000,map<literal;integer>[3]
37029,100000,map<literal;integer>[3]
38844,100000,map<literal;integer>[3]
38851,100000,map<literal;integer>[3]
36509,100000,map<literal;integer>[3]
36513,100000,map<literal;integer>[3]
37944,100000,map<literal;integer>[3]
40410,100000,map<literal;integer>[3]
31524,100000,map<literal;integer>[3]
32883,100000,map<literal;integer>[3]
37490,100000,map<literal;integer>[3]
42566,100000,map<literal;integer>[3]
42736,100000,map<literal;integer>[3]
31589,100000,map<literal;integer>[3]
43101,100000,map<literal;integer>[3]
42675,100000,map<literal;integer>[3]
29244,100000,map<literal;integer>[3]
35997,100000,map<literal;integer>[3]
30720,100000,map<literal;integer>[3]
30293,100000,map<literal;integer>[3]
30252,100000,map<literal;integer>[3]
30922,100000,map<literal;integer>[3]
29475,100000,map<literal;integer>[3]
29852,100000,map<literal;integer>[3]
29817,100000,map<literal;integer>[3]
29844,100000,map<literal;integer>[3]
30469,100000,map<literal;integer>[3]
30338,100000,map<literal;integer>[3]
36557,100000,map<literal;integer>[3]
30221,100000,map<literal;integer>[3]
40232,100000,map<literal;integer>[3]
43068,100000,map<literal;integer>[3]
37869,100000,map<literal;integer>[3]
31022,100000,map<literal;integer>[3]
29418,100000,map<literal;integer>[3]
29593,100000,map<literal;integer>[3]
29905,100000,map<literal;integer>[3]
30437,100000,map<literal;integer>[3]
40224,100000,map<literal;integer>[3]
29647,100000,map<literal;integer>[3]
31148,100000,map<literal;integer>[3]
29821,100000,map<literal;integer>[3]
31573,100000,map<literal;integer>[3]
30940,100000,map<literal;integer>[3]
30294,100000,map<literal;integer>[3]
31831,100000,map<literal;integer>[3]
31381,100000,map<literal;integer>[3]
30281,100000,map<literal;integer>[3]
31042,100000,map<literal;integer>[3]
34949,100000,map<literal;integer>[3]
32058,100000,map<literal;integer>[3]
30232,100000,map<literal;integer>[3]
29923,100000,map<literal;integer>[3]
29431,100000,map<literal;integer>[3]
30199,100000,map<literal;integer>[3]
38116,100000,map<literal;integer>[3]
39671,100000,map<literal;integer>[3]
42400,100000,map<literal;integer>[3]
35717,100000,map<literal;integer>[3]
29296,100000,map<literal;integer>[3]
29461,100000,map<literal;integer>[3]
29571,100000,map<literal;integer>[3]
34346,100000,map<literal;integer>[3]
30198,100000,map<literal;integer>[3]
30303,100000,map<literal;integer>[3]
30574,100000,map<literal;integer>[3]
34531,100000,map<literal;integer>[3]
30193,100000,map<literal;integer>[3]
31400,100000,map<literal;integer>[3]
30275,100000,map<literal;integer>[3]
30287,100000,map<literal;integer>[3]
30123,100000,map<literal;integer>[3]
29641,100000,map<literal;integer>[3]
32285,100000,map<literal;integer>[3]
31334,100000,map<literal;integer>[3]
34028,100000,map<literal;integer>[3]
32480,100000,map<literal;integer>[3]
30121,100000,map<literal;integer>[3]
30497,100000,map<literal;integer>[3]
35742,100000,map<literal;integer>[3]
35686,100000,map<literal;integer>[3]
30995,100000,map<literal;integer>[3]
29776,100000,map<literal;integer>[3]
29829,100000,map<literal;integer>[3]
29976,100000,map<literal;integer>[3]
29856,100000,map<literal;integer>[3]
30455,100000,map<literal;integer>[3]
30175,100000,map<literal;integer>[3]
31871,100000,map<literal;integer>[3]
30221,100000,map<literal;integer>[3]
30257,100000,map<literal;integer>[3]
31437,100000,map<literal;integer>[3]
29538,100000,map<literal;integer>[3]
30489,100000,map<literal;integer>[3]
29825,100000,map<literal;integer>[3]
31421,100000,map<literal;integer>[3]
30348,100000,map<literal;integer>[3]
29808,100000,map<literal;integer>[3]
31341,100000,map<literal;integer>[3]
31209,100000,map<literal;integer>[3]
30737,100000,map<literal;integer>[3]
29838,100000,map<literal;integer>[3]
30531,100000,map<literal;integer>[3]
32405,100000,map<literal;integer>[3]
33062,100000,map<literal;integer>[3]
29595,100000,map<literal;integer>[3]
30748,100000,map<literal;integer>[3]
29886,100000,map<literal;integer>[3]
32581,100000,map<literal;integer>[3]
31985,100000,map<literal;integer>[3]
30212,100000,map<literal;integer>[3]
30022,100000,map<literal;integer>[3]
30010,100000,map<literal;integer>[3]
32473,100000,map<literal;integer>[3]
33959,100000,map<literal;integer>[3]
29708,100000,map<literal;integer>[3]
30187,100000,map<literal;integer>[3]
32047,100000,map<literal;integer>[3]
31261,100000,map<literal;integer>[3]
34089,100000,map<literal;integer>[3]
30071,100000,map<literal;integer>[3]
32837,100000,map<literal;integer>[3]
30864,100000,map<literal;integer>[3]
30181,100000,map<literal;integer>[3]
31149,100000,map<literal;integer>[3]
29674,100000,map<literal;integer>[3]
30574,100000,map<literal;integer>[3]
30365,100000,map<literal;integer>[3]
33287,100000,map<literal;integer>[3]
30685,100000,map<literal;integer>[3]
30609,100000,map<literal;integer>[3]
30137,100000,map<literal;integer>[3]
30056,100000,map<literal;integer>[3]
30348,100000,map<literal;integer>[3]
29483,100000,map<literal;integer>[3]
29372,100000,map<literal;integer>[3]
29398,100000,map<literal;integer>[3]
29456,100000,map<literal;integer>[3]
36834,100000,map<literal;integer>[3]
29867,100000,map<literal;integer>[3]
30065,100000,map<literal;integer>[3]
31266,100000,map<literal;integer>[3]
34729,100000,map<literal;integer>[3]
29963,100000,map<literal;integer>[3]
29673,100000,map<literal;integer>[3]
31898,100000,map<literal;integer>[3]
31362,100000,map<literal;integer>[3]
32892,100000,map<literal;integer>[3]
31437,100000,map<literal;integer>[3]
29841,100000,map<literal;integer>[3]
30089,100000,map<literal;integer>[3]
33094,100000,map<literal;integer>[3]
30640,100000,map<literal;integer>[3]
30720,100000,map<literal;integer>[3]
30969,100000,map<literal;integer>[3]
31944,100000,map<literal;integer>[3]
29835,100000,map<literal;integer>[3]
30307,100000,map<literal;integer>[3]
32148,100000,map<literal;integer>[3]
32661,100000,map<literal;integer>[3]
32515,100000,map<literal;integer>[3]
29889,100000,map<literal;integer>[3]
29754,100000,map<literal;integer>[3]
30350,100000,map<literal;integer>[3]
29861,100000,map<literal;integer>[3]
31660,100000,map<literal;integer>[3]
29965,100000,map<literal;integer>[3]
32866,100000,map<literal;integer>[3]
38244,100000,map<literal;integer>[3]
29942,100000,map<literal;integer>[3]
31179,100000,map<literal;integer>[3]
30496,100000,map<literal;integer>[3]
32416,100000,map<literal;integer>[3]
30540,100000,map<literal;integer>[3]
30520,100000,map<literal;integer>[3]
30506,100000,map<literal;integer>[3]
29898,100000,map<literal;integer>[3]
29991,100000,map<literal;integer>[3]
31628,100000,map<literal;integer>[3]
30365,100000,map<literal;integer>[3]
31959,100000,map<literal;integer>[3]
30588,100000,map<literal;integer>[3]
31285,100000,map<literal;integer>[3]
30220,100000,map<literal;integer>[3]
30203,100000,map<literal;integer>[3]
30177,100000,map<literal;integer>[3]
31710,100000,map<literal;integer>[3]
29843,100000,map<literal;integer>[3]
32577,100000,map<literal;integer>[3]
30152,100000,map<literal;integer>[3]
29969,100000,map<literal;integer>[3]
29248,100000,map<literal;integer>[3]
30614,100000,map<literal;integer>[3]
31339,100000,map<literal;integer>[3]
30744,100000,map<literal;integer>[3]
31718,100000,map<literal;integer>[3]
29862,100000,map<literal;integer>[3]
30253,100000,map<literal;integer>[3]
29308,100000,map<literal;integer>[3]
32383,100000,map<literal;integer>[3]
29581,100000,map<literal;integer>[3]
30629,100000,map<literal;integer>[3]
30290,100000,map<literal;integer>[3]
30365,100000,map<literal;integer>[3]
29966,100000,map<literal;integer>[3]
29793,100000,map<literal;integer>[3]
29578,100000,map<literal;integer>[3]
29889,100000,map<literal;integer>[3]
32043,100000,map<literal;integer>[3]
31496,100000,map<literal;integer>[3]
30645,100000,map<literal;integer>[3]
30814,100000,map<literal;integer>[3]
29872,100000,map<literal;integer>[3]
31024,100000,map<literal;integer>[3]
33667,100000,map<literal;integer>[3]
31170,100000,map<literal;integer>[3]
30495,100000,map<literal;integer>[3]
30273,100000,map<literal;integer>[3]
33181,100000,map<literal;integer>[3]
31987,100000,map<literal;integer>[3]
30212,100000,map<literal;integer>[3]
30216,100000,map<literal;integer>[3]
29889,100000,map<literal;integer>[3]
30106,100000,map<literal;integer>[3]
31670,100000,map<literal;integer>[3]
29513,100000,map<literal;integer>[3]
30013,100000,map<literal;integer>[3]
30598,100000,map<literal;integer>[3]
38015,100000,map<literal;integer>[3]
33024,100000,map<literal;integer>[3]
29740,100000,map<literal;integer>[3]
30506,100000,map<literal;integer>[3]
31294,100000,map<literal;integer>[3]
29198,100000,map<literal;integer>[3]
30245,100000,map<literal;integer>[3]
29490,100000,map<literal;integer>[3]
31433,100000,map<literal;integer>[3]
30278,100000,map<literal;integer>[3]
32151,100000,map<literal;integer>[3]
30102,100000,map<literal;integer>[3]
29964,100000,map<literal;integer>[3]
33539,100000,map<literal;integer>[3]
30556,100000,map<literal;integer>[3]
29934,100000,map<literal;integer>[3]
30059,100000,map<literal;integer>[3]
31870,100000,map<literal;integer>[3]
32972,100000,map<literal;integer>[3]
37266,100000,map<literal;integer>[3]
36583,100000,map<literal;integer>[3]
31279,100000,map<literal;integer>[3]
31535,100000,map<literal;integer>[3]
29675,100000,map<literal;integer>[3]
32924,100000,map<literal;integer>[3]
30898,100000,map<literal;integer>[3]
30081,100000,map<literal;integer>[3]
29968,100000,map<literal;integer>[3]
34120,100000,map<literal;integer>[3]
31150,100000,map<literal;integer>[3]
32439,100000,map<literal;integer>[3]
29866,100000,map<literal;integer>[3]
29963,100000,map<literal;integer>[3]
31433,100000,map<literal;integer>[3]
30074,100000,map<literal;integer>[3]
30014,100000,map<literal;integer>[3]
29861,100000,map<literal;integer>[3]
30928,100000,map<literal;integer>[3]
30211,100000,map<literal;integer>[3]
30561,100000,map<literal;integer>[3]
31667,100000,map<literal;integer>[3]
29878,100000,map<literal;integer>[3]
33104,100000,map<literal;integer>[3]
29771,100000,map<literal;integer>[3]
30508,100000,map<literal;integer>[3]
29682,100000,map<literal;integer>[3]
29567,100000,map<literal;integer>[3]
31622,100000,map<literal;integer>[3]
30124,100000,map<literal;integer>[3]
29782,100000,map<literal;integer>[3]
31025,100000,map<literal;integer>[3]
30988,100000,map<literal;integer>[3]
30653,100000,map<literal;integer>[3]
30888,100000,map<literal;integer>[3]
30390,100000,map<literal;integer>[3]
33816,100000,map<literal;integer>[3]
30024,100000,map<literal;integer>[3]
29803,100000,map<literal;integer>[3]
32160,100000,map<literal;integer>[3]
32655,100000,map<literal;integer>[3]
32965,100000,map<literal;integer>[3]
31245,100000,map<literal;integer>[3]
30270,100000,map<literal;integer>[3]
31348,100000,map<literal;integer>[3]
31192,100000,map<literal;integer>[3]
30927,100000,map<literal;integer>[3]
30141,100000,map<literal;integer>[3]
30086,100000,map<literal;integer>[3]
32702,100000,map<literal;integer>[3]
30889,100000,map<literal;integer>[3]
30913,100000,map<literal;integer>[3]
33934,100000,map<literal;integer>[3]
30122,100000,map<literal;integer>[3]
31254,100000,map<literal;integer>[3]
31164,100000,map<literal;integer>[3]
31269,100000,map<literal;integer>[3]
30245,100000,map<literal;integer>[3]
31697,100000,map<literal;integer>[3]
30143,100000,map<literal;integer>[3]
33499,100000,map<literal;integer>[3]
36133,100000,map<literal;integer>[3]
30123,100000,map<literal;integer>[3]
31395,100000,map<literal;integer>[3]
30613,100000,map<literal;integer>[3]
31239,100000,map<literal;integer>[3]
30086,100000,map<literal;integer>[3]
29828,100000,map<literal;integer>[3]
30387,100000,map<literal;integer>[3]
29955,100000,map<literal;integer>[3]
31175,100000,map<literal;integer>[3]
32819,100000,map<literal;integer>[3]
29992,100000,map<literal;integer>[3]
31091,100000,map<literal;integer>[3]
31111,100000,map<literal;integer>[3]
29785,100000,map<literal;integer>[3]
30624,100000,map<literal;integer>[3]
29910,100000,map<literal;integer>[3]
32974,100000,map<literal;integer>[3]
30618,100000,map<literal;integer>[3]
29629,100000,map<literal;integer>[3]
32075,100000,map<literal;integer>[3]
30025,100000,map<literal;integer>[3]
30007,100000,map<literal;integer>[3]
32791,100000,map<literal;integer>[3]
30234,100000,map<literal;integer>[3]
29764,100000,map<literal;integer>[3]
30939,100000,map<literal;integer>[3]
33327,100000,map<literal;integer>[3]
30442,100000,map<literal;integer>[3]
29930,100000,map<literal;integer>[3]
31323,100000,map<literal;integer>[3]
30129,100000,map<literal;integer>[3]
30128,100000,map<literal;integer>[3]
30127,100000,map<literal;integer>[3]
31779,100000,map<literal;integer>[3]
30150,100000,map<literal;integer>[3]
30273,100000,map<literal;integer>[3]
30388,100000,map<literal;integer>[3]
33159,100000,map<literal;integer>[3]
29995,100000,map<literal;integer>[3]
31461,100000,map<literal;integer>[3]
29597,100000,map<literal;integer>[3]
29424,100000,map<literal;integer>[3]
29522,100000,map<literal;integer>[3]
31300,100000,map<literal;integer>[3]
29738,100000,map<literal;integer>[3]
29677,100000,map<literal;integer>[3]
29938,100000,map<literal;integer>[3]
30466,100000,map<literal;integer>[3]
29642,100000,map<literal;integer>[3]
35531,100000,map<literal;integer>[3]
30443,100000,map<literal;integer>[3]
30223,100000,map<literal;integer>[3]
29714,100000,map<literal;integer>[3]
30879,100000,map<literal;integer>[3]
30221,100000,map<literal;integer>[3]
30653,100000,map<literal;integer>[3]
29689,100000,map<literal;integer>[3]
30172,100000,map<literal;integer>[3]
32014,100000,map<literal;integer>[3]
32952,100000,map<literal;integer>[3]
30341,100000,map<literal;integer>[3]
29224,100000,map<literal;integer>[3]
30534,100000,map<literal;integer>[3]
31582,100000,map<literal;integer>[3]
31220,100000,map<literal;integer>[3]
29895,100000,map<literal;integer>[3]
30434,100000,map<literal;integer>[3]
35590,100000,map<literal;integer>[3]
30452,100000,map<literal;integer>[3]
33267,100000,map<literal;integer>[3]
33250,100000,map<literal;integer>[3]
33941,100000,map<literal;integer>[3]
32267,100000,map<literal;integer>[3]
29974,100000,map<literal;integer>[3]
30162,100000,map<literal;integer>[3]
34670,100000,map<literal;integer>[3]
32612,100000,map<literal;integer>[3]
29622,100000,map<literal;integer>[3]
30121,100000,map<literal;integer>[3]
34286,100000,map<literal;integer>[3]
29995,100000,map<literal;integer>[3]
32295,100000,map<literal;integer>[3]
29954,100000,map<literal;integer>[3]
29921,100000,map<literal;integer>[3]
30277,100000,map<literal;integer>[3]
31175,100000,map<literal;integer>[3]
31524,100000,map<literal;integer>[3]
29692,100000,map<literal;integer>[3]
29852,100000,map<literal;integer>[3]
36121,100000,map<literal;integer>[3]
30249,100000,map<literal;integer>[3]
30656,100000,map<literal;integer>[3]
31095,100000,map<literal;integer>[3]
32108,100000,map<literal;integer>[3]
30285,100000,map<literal;integer>[3]
30738,100000,map<literal;integer>[3]
33053,100000,map<literal;integer>[3]
31195,100000,map<literal;integer>[3]
29981,100000,map<literal;integer>[3]
33593,100000,map<literal;integer>[3]
29891,100000,map<literal;integer>[3]
34168,100000,map<literal;integer>[3]
30354,100000,map<literal;integer>[3]
31077,100000,map<literal;integer>[3]
30123,100000,map<literal;integer>[3]
32094,100000,map<literal;integer>[3]
29862,100000,map<literal;integer>[3]
32594,100000,map<literal;integer>[3]
32486,100000,map<literal;integer>[3]
30702,100000,map<literal;integer>[3]
33305,100000,map<literal;integer>[3]
33608,100000,map<literal;integer>[3]
31191,100000,map<literal;integer>[3]
30041,100000,map<literal;integer>[3]
31760,100000,map<literal;integer>[3]
35916,100000,map<literal;integer>[3]
34676,100000,map<literal;integer>[3]
29848,100000,map<literal;integer>[3]
32759,100000,map<literal;integer>[3]
35832,100000,map<literal;integer>[3]
31930,100000,map<literal;integer>[3]
29321,100000,map<literal;integer>[3]
29787,100000,map<literal;integer>[3]
30192,100000,map<literal;integer>[3]
29700,100000,map<literal;integer>[3]
29840,100000,map<literal;integer>[3]
30125,100000,map<literal;integer>[3]
30867,100000,map<literal;integer>[3]
30445,100000,map<literal;integer>[3]
31439,100000,map<literal;integer>[3]
34254,100000,map<literal;integer>[3]
31854,100000,map<literal;integer>[3]
31273,100000,map<literal;integer>[3]
30097,100000,map<literal;integer>[3]
29519,100000,map<literal;integer>[3]
31179,100000,map<literal;integer>[3]
29346,100000,map<literal;integer>[3]
31135,100000,map<literal;integer>[3]
29833,100000,map<literal;integer>[3]
32854,100000,map<literal;integer>[3]
31964,100000,map<literal;integer>[3]
32118,100000,map<literal;integer>[3]
29436,100000,map<literal;integer>[3]
29659,100000,map<literal;integer>[3]
29717,100000,map<literal;integer>[3]
29804,100000,map<literal;integer>[3]
29961,100000,map<literal;integer>[3]
29450,100000,map<literal;integer>[3]
29674,100000,map<literal;integer>[3]
30078,100000,map<literal;integer>[3]
30144,100000,map<literal;integer>[3]
34069,100000,map<literal;integer>[3]
32860,100000,map<literal;integer>[3]
31621,100000,map<literal;integer>[3]
36711,100000,map<literal;integer>[3]
30719,100000,map<literal;integer>[3]
30088,100000,map<literal;integer>[3]
29714,100000,map<literal;integer>[3]
34702,100000,map<literal;integer>[3]
32391,100000,map<literal;integer>[3]
32238,100000,map<literal;integer>[3]
29990,100000,map<literal;integer>[3]
31152,100000,map<literal;integer>[3]
34641,100000,map<literal;integer>[3]
32927,100000,map<literal;integer>[3]
31454,100000,map<literal;integer>[3]
31565,100000,map<literal;integer>[3]
31664,100000,map<literal;integer>[3]
29715,100000,map<literal;integer>[3]
30426,100000,map<literal;integer>[3]
31970,100000,map<literal;integer>[3]
31180,100000,map<literal;integer>[3]
33764,100000,map<literal;integer>[3]
31591,100000,map<literal;integer>[3]
31499,100000,map<literal;integer>[3]
30407,100000,map<literal;integer>[3]
36236,100000,map<literal;integer>[3]
33422,100000,map<literal;integer>[3]
38930,100000,map<literal;integer>[3]
33805,100000,map<literal;integer>[3]
30286,100000,map<literal;integer>[3]
29661,100000,map<literal;integer>[3]
30129,100000,map<literal;integer>[3]
30669,100000,map<literal;integer>[3]
30033,100000,map<literal;integer>[3]
30019,100000,map<literal;integer>[3]
29848,100000,map<literal;integer>[3]
30089,100000,map<literal;integer>[3]
35235,100000,map<literal;integer>[3]
35421,100000,map<literal;integer>[3]
31118,100000,map<literal;integer>[3]
35049,100000,map<literal;integer>[3]
29874,100000,map<literal;integer>[3]
39764,100000,map<literal;integer>[3]
30242,100000,map<literal;integer>[3]
33011,100000,map<literal;integer>[3]
29737,100000,map<literal;integer>[3]
29804,100000,map<literal;integer>[3]
30340,100000,map<literal;integer>[3]
33531,100000,map<literal;integer>[3]
29654,100000,map<literal;integer>[3]
34371,100000,map<literal;integer>[3]
30830,100000,map<literal;integer>[3]
30952,100000,map<literal;integer>[3]
29651,100000,map<literal;integer>[3]
29685,100000,map<literal;integer>[3]
30077,100000,map<literal;integer>[3]
30557,100000,map<literal;integer>[3]
29815,100000,map<literal;integer>[3]
33188,100000,map<literal;integer>[3]
31953,100000,map<literal;integer>[3]
42640,100000,map<literal;integer>[3]
31837,100000,map<literal;integer>[3]
34566,100000,map<literal;integer>[3]
36075,100000,map<literal;integer>[3]
32243,100000,map<literal;integer>[3]
34561,100000,map<literal;integer>[3]
29613,100000,map<literal;integer>[3]
31657,100000,map<literal;integer>[3]
31859,100000,map<literal;integer>[3]
30072,100000,map<literal;integer>[3]
29752,100000,map<literal;integer>[3]
29697,100000,map<literal;integer>[3]
30008,100000,map<literal;integer>[3]
30491,100000,map<literal;integer>[3]
35550,100000,map<literal;integer>[3]
29996,100000,map<literal;integer>[3]
29647,100000,map<literal;integer>[3]
30282,100000,map<literal;integer>[3]
32498,100000,map<literal;integer>[3]
32461,100000,map<literal;integer>[3]
31903,100000,map<literal;integer>[3]
32303,100000,map<literal;integer>[3]
30462,100000,map<literal;integer>[3]
35545,100000,map<literal;integer>[3]
33736,100000,map<literal;integer>[3]
30764,100000,map<literal;integer>[3]
31362,100000,map<literal;integer>[3]
34360,100000,map<literal;integer>[3]
29630,100000,map<literal;integer>[3]
30053,100000,map<literal;integer>[3]
30392,100000,map<literal;integer>[3]
30899,100000,map<literal;integer>[3]
29865,100000,map<literal;integer>[3]
33318,100000,map<literal;integer>[3]
31496,100000,map<literal;integer>[3]
34472,100000,map<literal;integer>[3]
31965,100000,map<literal;integer>[3]
30541,100000,map<literal;integer>[3]
33341,100000,map<literal;integer>[3]
38628,100000,map<literal;integer>[3]
32166,100000,map<literal;integer>[3]
33107,100000,map<literal;integer>[3]
35191,100000,map<literal;integer>[3]
30657,100000,map<literal;integer>[3]
32997,100000,map<literal;integer>[3]
33202,100000,map<literal;integer>[3]
32297,100000,map<literal;integer>[3]
37143,100000,map<literal;integer>[3]
31558,100000,map<literal;integer>[3]
33827,100000,map<literal;integer>[3]
29918,100000,map<literal;integer>[3]
34060,100000,map<literal;integer>[3]
29878,100000,map<literal;integer>[3]
33504,100000,map<literal;integer>[3]
29864,100000,map<literal;integer>[3]
32572,100000,map<literal;integer>[3]
29349,100000,map<literal;integer>[3]
34228,100000,map<literal;integer>[3]
34022,100000,map<literal;integer>[3]
30032,100000,map<literal;integer>[3]
30005,100000,map<literal;integer>[3]
31035,100000,map<literal;integer>[3]
31053,100000,map<literal;integer>[3]
34149,100000,map<literal;integer>[3]
35065,100000,map<literal;integer>[3]
31491,100000,map<literal;integer>[3]
32034,100000,map<literal;integer>[3]
34015,100000,map<literal;integer>[3]
33088,100000,map<literal;integer>[3]
29626,100000,map<literal;integer>[3]
30007,100000,map<literal;integer>[3]
30052,100000,map<literal;integer>[3]
33801,100000,map<literal;integer>[3]
30205,100000,map<literal;integer>[3]
30614,100000,map<literal;integer>[3]
34252,100000,map<literal;integer>[3]
36598,100000,map<literal;integer>[3]
38470,100000,map<literal;integer>[3]
31426,100000,map<literal;integer>[3]
29673,100000,map<literal;integer>[3]
33147,100000,map<literal;integer>[3]
36006,100000,map<literal;integer>[3]
31831,100000,map<literal;integer>[3]
29679,100000,map<literal;integer>[3]
31366,100000,map<literal;integer>[3]
36893,100000,map<literal;integer>[3]
30216,100000,map<literal;integer>[3]
29627,100000,map<literal;integer>[3]
31784,100000,map<literal;integer>[3]
29410,100000,map<literal;integer>[3]
31812,100000,map<literal;integer>[3]
29663,100000,map<literal;integer>[3]
29322,100000,map<literal;integer>[3]
29556,100000,map<literal;integer>[3]
35031,100000,map<literal;integer>[3]
37348,100000,map<literal;integer>[3]
37470,100000,map<literal;integer>[3]
37105,100000,map<literal;integer>[3]
30779,100000,map<literal;integer>[3]
30029,100000,map<literal;integer>[3]
35077,100000,map<literal;integer>[3]
30181,100000,map<literal;integer>[3]
29399,100000,map<literal;integer>[3]
29442,100000,map<literal;integer>[3]
32267,100000,map<literal;integer>[3]
32240,100000,map<literal;integer>[3]
29624,100000,map<literal;integer>[3]
33838,100000,map<literal;integer>[3]
32421,100000,map<literal;integer>[3]
32762,100000,map<literal;integer>[3]
33026,100000,map<literal;integer>[3]
30048,100000,map<literal;integer>[3]
32758,100000,map<literal;integer>[3]
30976,100000,map<literal;integer>[3]
31041,100000,map<literal;integer>[3]
30610,100000,map<literal;integer>[3]
31369,100000,map<literal;integer>[3]
30113,100000,map<literal;integer>[3]
35640,100000,map<literal;integer>[3]
35308,100000,map<literal;integer>[3]
30379,100000,map<literal;integer>[3]
30490,100000,map<literal;integer>[3]
30905,100000,map<literal;integer>[3]
36439,100000,map<literal;integer>[3]
33583,100000,map<literal;integer>[3]
29545,100000,map<literal;integer>[3]
32219,100000,map<literal;integer>[3]
34383,100000,map<literal;integer>[3]
33551,100000,map<literal;integer>[3]
33325,100000,map<literal;integer>[3]
31123,100000,map<literal;integer>[3]
31432,100000,map<literal;integer>[3]
32121,100000,map<literal;integer>[3]
32412,100000,map<literal;integer>[3]
32464,100000,map<literal;integer>[3]
34173,100000,map<literal;integer>[3]
30918,100000,map<literal;integer>[3]
30980,100000,map<literal;integer>[3]
35129,100000,map<literal;integer>[3]
30656,100000,map<literal;integer>[3]
30316,100000,map<literal;integer>[3]
33282,100000,map<literal;integer>[3]
32849,100000,map<literal;integer>[3]
30188,100000,map<literal;integer>[3]
32710,100000,map<literal;integer>[3]
33630,100000,map<literal;integer>[3]
33498,100000,map<literal;integer>[3]
29721,100000,map<literal;integer>[3]
31440,100000,map<literal;integer>[3]
29925,100000,map<literal;integer>[3]
31200,100000,map<literal;integer>[3]
31328,100000,map<literal;integer>[3]
29842,100000,map<literal;integer>[3]
29896,100000,map<literal;integer>[3]
31157,100000,map<literal;integer>[3]
32193,100000,map<literal;integer>[3]
30073,100000,map<literal;integer>[3]
29638,100000,map<literal;integer>[3]
30986,100000,map<literal;integer>[3]
30370,100000,map<literal;integer>[3]
33155,100000,map<literal;integer>[3]
34367,100000,map<literal;integer>[3]
30169,100000,map<literal;integer>[3]
31389,100000,map<literal;integer>[3]
31843,100000,map<literal;integer>[3]
37331,100000,map<literal;integer>[3]
30119,100000,map<literal;integer>[3]
31529,100000,map<literal;integer>[3]
30810,100000,map<literal;integer>[3]
30299,100000,map<literal;integer>[3]
32891,100000,map<literal;integer>[3]
32736,100000,map<literal;integer>[3]
29709,100000,map<literal;integer>[3]
29956,100000,map<literal;integer>[3]
31026,100000,map<literal;integer>[3]
35767,100000,map<literal;integer>[3]
40106,100000,map<literal;integer>[3]
30460,100000,map<literal;integer>[3]
35766,100000,map<literal;integer>[3]
32016,100000,map<literal;integer>[3]
30999,100000,map<literal;integer>[3]
30248,100000,map<literal;integer>[3]
33012,100000,map<literal;integer>[3]
33271,100000,map<literal;integer>[3]
30819,100000,map<literal;integer>[3]
30037,100000,map<literal;integer>[3]
30023,100000,map<literal;integer>[3]
32535,100000,map<literal;integer>[3]
33619,100000,map<literal;integer>[3]
29508,100000,map<literal;integer>[3]
34992,100000,map<literal;integer>[3]
29577,100000,map<literal;integer>[3]
31249,100000,map<literal;integer>[3]
29876,100000,map<literal;integer>[3]
33778,100000,map<literal;integer>[3]
29351,100000,map<literal;integer>[3]
29768,100000,map<literal;integer>[3]
29434,100000,map<literal;integer>[3]
30032,100000,map<literal;integer>[3]
30107,100000,map<literal;integer>[3]
31448,100000,map<literal;integer>[3]
30195,100000,map<literal;integer>[3]
30064,100000,map<literal;integer>[3]
30349,100000,map<literal;integer>[3]
30904,100000,map<literal;integer>[3]
37617,100000,map<literal;integer>[3]
29615,100000,map<literal;integer>[3]
29338,100000,map<literal;integer>[3]
33271,100000,map<literal;integer>[3]
29751,100000,map<literal;integer>[3]
33721,100000,map<literal;integer>[3]
30118,100000,map<literal;integer>[3]
34757,100000,map<literal;integer>[3]
30676,100000,map<literal;integer>[3]
33137,100000,map<literal;integer>[3]
29737,100000,map<literal;integer>[3]
30757,100000,map<literal;integer>[3]
30361,100000,map<literal;integer>[3]
31704,100000,map<literal;integer>[3]
35225,100000,map<literal;integer>[3]
31449,100000,map<literal;integer>[3]
30156,100000,map<literal;integer>[3]
29774,100000,map<literal;integer>[3]
32599,100000,map<literal;integer>[3]
32553,100000,map<literal;integer>[3]
30896,100000,map<literal;integer>[3]
29296,100000,map<literal;integer>[3]
29472,100000,map<literal;integer>[3]
31429,100000,map<literal;integer>[3]
29849,100000,map<literal;integer>[3]
30245,100000,map<literal;integer>[3]
30024,100000,map<literal;integer>[3]
30425,100000,map<literal;integer>[3]
32310,100000,map<literal;integer>[3]
36090,100000,map<literal;integer>[3]
29648,100000,map<literal;integer>[3]
29536,100000,map<literal;integer>[3]
29476,100000,map<literal;integer>[3]
31728,100000,map<literal;integer>[3]
38683,100000,map<literal;integer>[3]
36369,100000,map<literal;integer>[3]
36972,100000,map<literal;integer>[3]
35213,100000,map<literal;integer>[3]
29654,100000,map<literal;integer>[3]
29614,100000,map<literal;integer>[3]
29284,100000,map<literal;integer>[3]
29530,100000,map<literal;integer>[3]
30148,100000,map<literal;integer>[3]
31572,100000,map<literal;integer>[3]
31019,100000,map<literal;integer>[3]
34530,100000,map<literal;integer>[3]
30522,100000,map<literal;integer>[3]
29919,100000,map<literal;integer>[3]
30206,100000,map<literal;integer>[3]
33285,100000,map<literal;integer>[3]
29714,100000,map<literal;integer>[3]
29400,100000,map<literal;integer>[3]
30144,100000,map<literal;integer>[3]
31828,100000,map<literal;integer>[3]
30326,100000,map<literal;integer>[3]
29561,100000,map<literal;integer>[3]
29762,100000,map<literal;integer>[3]
29747,100000,map<literal;integer>[3]
35080,100000,map<literal;integer>[3]
35911,100000,map<literal;integer>[3]
37189,100000,map<literal;integer>[3]
31588,100000,map<literal;integer>[3]
33723,100000,map<literal;integer>[3]
30017,100000,map<literal;integer>[3]
29729,100000,map<literal;integer>[3]
30507,100000,map<literal;integer>[3]
37398,100000,map<literal;integer>[3]
30728,100000,map<literal;integer>[3]
30198,100000,map<literal;integer>[3]
29736,100000,map<literal;integer>[3]
35930,100000,map<literal;integer>[3]
31196,100000,map<literal;integer>[3]
29464,100000,map<literal;integer>[3]
33309,100000,map<literal;integer>[3]
30508,100000,map<literal;integer>[3]
31245,100000,map<literal;integer>[3]
29528,100000,map<literal;integer>[3]
32746,100000,map<literal;integer>[3]
32640,100000,map<literal;integer>[3]
31407,100000,map<literal;integer>[3]
29962,100000,map<literal;integer>[3]
30135,100000,map<literal;integer>[3]
32178,100000,map<literal;integer>[3]
37725,100000,map<literal;integer>[3]
30629,100000,map<literal;integer>[3]
31864,100000,map<literal;integer>[3]
29668,100000,map<literal;integer>[3]
31759,100000,map<literal;integer>[3]
80234,100000,map<literal;integer>[3]
29730,100000,map<literal;integer>[3]
37991,100000,map<literal;integer>[3]
29941,100000,map<literal;integer>[3]
32010,100000,map<literal;integer>[3]
33436,100000,map<literal;integer>[3]
33431,100000,map<literal;integer>[3]
30361,100000,map<literal;integer>[3]
29540,100000,map<literal;integer>[3]
37679,100000,map<literal;integer>[3]
35831,100000,map<literal;integer>[3]
30055,100000,map<literal;integer>[3]
29552,100000,map<literal;integer>[3]
37640,100000,map<literal;integer>[3]
30378,100000,map<literal;integer>[3]
36582,100000,map<literal;integer>[3]
40262,100000,map<literal;integer>[3]
39151,100000,map<literal;integer>[3]
40410,100000,map<literal;integer>[3]
41419,100000,map<literal;integer>[3]
31667,100000,map<literal;integer>[3]
41409,100000,map<literal;integer>[3]
38581,100000,map<literal;integer>[3]
40287,100000,map<literal;integer>[3]
40951,100000,map<literal;integer>[3]
41163,100000,map<literal;integer>[3]
31656,100000,map<literal;integer>[3]
30163,100000,map<literal;integer>[3]
31487,100000,map<literal;integer>[3]
31617,100000,map<literal;integer>[3]
29971,100000,map<literal;integer>[3]
30079,100000,map<literal;integer>[3]
33207,100000,map<literal;integer>[3]
38134,100000,map<literal;integer>[3]
36898,100000,map<literal;integer>[3]
30641,100000,map<literal;integer>[3]
31238,100000,map<literal;integer>[3]
30535,100000,map<literal;integer>[3]
30194,100000,map<literal;integer>[3]
29863,100000,map<literal;integer>[3]
29459,100000,map<literal;integer>[3]
32315,100000,map<literal;integer>[3]
34567,100000,map<literal;integer>[3]
33943,100000,map<literal;integer>[3]
29421,100000,map<literal;integer>[3]
31427,100000,map<literal;integer>[3]
29520,100000,map<literal;integer>[3]
29822,100000,map<literal;integer>[3]
32300,100000,map<literal;integer>[3]
35316,100000,map<literal;integer>[3]
33171,100000,map<literal;integer>[3]
30715,100000,map<literal;integer>[3]
31797,100000,map<literal;integer>[3]
34437,100000,map<literal;integer>[3]
31783,100000,map<literal;integer>[3]
40161,100000,map<literal;integer>[3]
37514,100000,map<literal;integer>[3]
31878,100000,map<literal;integer>[3]
38620,100000,map<literal;integer>[3]
37815,100000,map<literal;integer>[3]
36773,100000,map<literal;integer>[3]
34908,100000,map<literal;integer>[3]
35153,100000,map<literal;integer>[3]
30050,100000,map<literal;integer>[3]
29745,100000,map<literal;integer>[3]
31964,100000,map<literal;integer>[3]
29987,100000,map<literal;integer>[3]
34037,100000,map<literal;integer>[3]
29911,100000,map<literal;integer>[3]
31221,100000,map<literal;integer>[3]
29384,100000,map<literal;integer>[3]
30819,100000,map<literal;integer>[3]
29511,100000,map<literal;integer>[3]
29741,100000,map<literal;integer>[3]
31253,100000,map<literal;integer>[3]
31412,100000,map<literal;integer>[3]
36094,100000,map<literal;integer>[3]
37658,100000,map<literal;integer>[3]
36665,100000,map<literal;integer>[3]
33651,100000,map<literal;integer>[3]
34108,100000,map<literal;integer>[3]
36601,100000,map<literal;integer>[3]
37166,100000,map<literal;integer>[3]
37884,100000,map<literal;integer>[3]
29473,100000,map<literal;integer>[3]
35554,100000,map<literal;integer>[3]
29487,100000,map<literal;integer>[3]
31767,100000,map<literal;integer>[3]
30816,100000,map<literal;integer>[3]
33146,100000,map<literal;integer>[3]
29997,100000,map<literal;integer>[3]
29803,100000,map<literal;integer>[3]
32880,100000,map<literal;integer>[3]
31421,100000,map<literal;integer>[3]
30116,100000,map<literal;integer>[3]
31663,100000,map<literal;integer>[3]
30164,100000,map<literal;integer>[3]
29614,100000,map<literal;integer>[3]
32462,100000,map<literal;integer>[3]
30056,100000,map<literal;integer>[3]
30025,100000,map<literal;integer>[3]
30119,100000,map<literal;integer>[3]
35088,100000,map<literal;integer>[3]
30859,100000,map<literal;integer>[3]
29659,100000,map<literal;integer>[3]
32190,100000,map<literal;integer>[3]
33623,100000,map<literal;integer>[3]
30792,100000,map<literal;integer>[3]
30101,100000,map<literal;integer>[3]
29721,100000,map<literal;integer>[3]
33454,100000,map<literal;integer>[3]
30883,100000,map<literal;integer>[3]
30033,100000,map<literal;integer>[3]
29740,100000,map<literal;integer>[3]
29708,100000,map<literal;integer>[3]
35477,100000,map<literal;integer>[3]
